{
  "name": "lstm_baseline",
  "saved_at": "2026-05-06T18:41:36.269905+00:00",
  "feature_cols": [
    "ret_1d",
    "ret_5d",
    "ret_20d",
    "close_to_sma20",
    "close_to_sma50",
    "rsi_14",
    "macd_hist",
    "vol_20d",
    "vol_zscore_20",
    "rel_ret_spy_1d"
  ],
  "seq_len": 60,
  "metrics": {
    "best_val_auc": 0.5501279156933161,
    "best_epoch": 2,
    "test_auc": 0.5253267487753119,
    "test_accuracy": 0.5718537414965986
  },
  "hyperparams": {
    "hidden_size": 64,
    "num_layers": 2,
    "dropout": 0.3,
    "learning_rate": 0.0005,
    "batch_size": 128,
    "epochs": 60,
    "weight_decay": 0.0001,
    "patience": 10,
    "grad_clip": 1.0
  },
  "scaler": {
    "mean": [
      0.0005966228782199323,
      0.002961189253255725,
      0.011756796389818192,
      0.006066711153835058,
      0.015682939440011978,
      0.5319331288337708,
      -7.4275203587603755e-06,
      0.26484712958335876,
      0.049815624952316284,
      0.00018146741786040366
    ],
    "std": [
      0.018525568768382072,
      0.041058529168367386,
      0.08053325116634369,
      0.044966697692871094,
      0.0722343921661377,
      0.17317162454128265,
      0.006194583605974913,
      0.1283215880393982,
      1.2688751220703125,
      0.015274294652044773
    ]
  }
}